{
    "now": "2024-02-12T05:36:19.976Z",
    "perfNow": 222128.80000019073,
    "diagnosticCorrelation": "dd83b0e1-ca18-46f8-81d1-977d6fafa473",
    "source": "DownloadSupportFiles",
    "environment": {
        "productName": "adf",
        "buildVersion": "1.0.020324.3",
        "environmentType": 3,
        "resourceName": "abhimanyudatafactory11",
        "resourceRegion": "eastus",
        "resourceGroup": "Abhimanyu",
        "subscriptionId": "d1a0118b-15e6-4af0-a4f2-d4c259c6d510",
        "sessionId": "2PWboW5tObgkIhYqtAUcp0",
        "operationId": "",
        "gitType": "live",
        "loggingKey": "c4863ddf-c35a-423c-a69a-fa059b67cf89"
    },
    "additionalInfo": {
        "selectedResource": "FlightData",
        "selectedResourceType": "pipeline"
    }
}