{
    "name": "Parquet1",
    "properties": {
        "linkedServiceName": {
            "referenceName": "Flight Linked Sevice",
            "type": "LinkedServiceReference"
        },
        "annotations": [],
        "type": "Parquet",
        "typeProperties": {
            "location": {
                "type": "AzureBlobFSLocation",
                "fileSystem": "silverzoneflightdata"
            },
            "compressionCodec": "snappy"
        },
        "schema": [
            {
                "name": "city",
                "type": "UTF8"
            },
            {
                "name": "inbound_flights",
                "type": "INT64"
            },
            {
                "name": "outbound_flights",
                "type": "INT64"
            },
            {
                "name": "total_flights",
                "type": "INT64"
            }
        ]
    },
    "type": "Microsoft.DataFactory/factories/datasets"
}